[
  {"code": "NDLS", "name": "New Delhi", "lat": 28.6418, "lon": 77.2197, "city": "New Delhi"},
  {"code": "MUMBAI CST", "name": "Mumbai CST", "lat": 18.9401, "lon": 72.8354, "city": "Mumbai"},
  {"code": "MAS", "name": "Chennai Central", "lat": 13.0825, "lon": 80.2750, "city": "Chennai"},
  {"code": "HWH", "name": "Howrah Junction", "lat": 22.5853, "lon": 88.3468, "city": "Kolkata"},
  {"code": "SBC", "name": "Bangalore City", "lat": 12.9776, "lon": 77.5703, "city": "Bangalore"},
  {"code": "SC", "name": "Secunderabad Junction", "lat": 17.4399, "lon": 78.4983, "city": "Hyderabad"},
  {"code": "PNBE", "name": "Patna Junction", "lat": 25.6116, "lon": 85.1444, "city": "Patna"},
  {"code": "ADI", "name": "Ahmedabad Junction", "lat": 23.0225, "lon": 72.5714, "city": "Ahmedabad"},
  {"code": "JP", "name": "Jaipur Junction", "lat": 26.9220, "lon": 75.7789, "city": "Jaipur"},
  {"code": "LKO", "name": "Lucknow Charbagh", "lat": 26.8467, "lon": 80.9462, "city": "Lucknow"},
  {"code": "MMCT", "name": "Mumbai Central", "lat": 18.9677, "lon": 72.8194, "city": "Mumbai"},
  {"code": "CBE", "name": "Coimbatore Junction", "lat": 11.0168, "lon": 76.9558, "city": "Coimbatore"},
  {"code": "MDU", "name": "Madurai Junction", "lat": 9.9197, "lon": 78.1194, "city": "Madurai"},
  {"code": "TVC", "name": "Thiruvananthapuram Central", "lat": 8.4875, "lon": 76.9526, "city": "Thiruvananthapuram"},
  {"code": "ERS", "name": "Ernakulam Junction", "lat": 10.0159, "lon": 76.3072, "city": "Kochi"},
  {"code": "MAQ", "name": "Mangalore Central", "lat": 12.9141, "lon": 74.8550, "city": "Mangalore"},
  {"code": "SA", "name": "Salem Junction", "lat": 11.6643, "lon": 78.1459, "city": "Salem"},
  {"code": "PGT", "name": "Palakkad Junction", "lat": 10.7867, "lon": 76.6547, "city": "Palakkad"},
  {"code": "BCT", "name": "Mumbai Bandra Terminus", "lat": 19.0596, "lon": 72.8295, "city": "Mumbai"},
  {"code": "KYQ", "name": "Guwahati", "lat": 26.1840, "lon": 91.7508, "city": "Guwahati"},
  {"code": "CDG", "name": "Chandigarh", "lat": 30.7333, "lon": 76.7794, "city": "Chandigarh"},
  {"code": "NZM", "name": "Hazrat Nizamuddin", "lat": 28.5842, "lon": 77.2100, "city": "New Delhi"},
  {"code": "ANVT", "name": "Anand Vihar Terminal", "lat": 28.6519, "lon": 77.3153, "city": "New Delhi"},
  {"code": "BZA", "name": "Vijayawada Junction", "lat": 16.5062, "lon": 80.6480, "city": "Vijayawada"},
  {"code": "VSKP", "name": "Visakhapatnam Junction", "lat": 17.6888, "lon": 83.2185, "city": "Visakhapatnam"}
]
